text,label
'We've only been here a few hours and have seen half a dozen people die while they wait for treatment.' - Sky News ground report from Delhi,negative
Today is my birthday and my parents bought me this. I am 27.,positive
Neeraj Chopra Creates History !! Wins India's Second Ever Individual Gold Medal in the Olympics with an amazing throw of 87.58m !! A proud moment for every Indian .,positive
How to not get raped in India,negative
It's 2021 and India is still doing brown face instead of actually hiring darker skin actors.,negative
"A troop of monkeys purportedly intervened to save a 6-year-old girl, a UKG student, from a rape attempt in Baghpat. ",positive
What can India and Indians do to attract more international tourists.,neutral
I won the Indian Cosplay Championship trophy at Comic Con India.,positive
Chandrayaan-3's lander makes soft landing on the Moon,positive
"My grandmother fought and beat COVID after battling it for a month, and turned 94 today..",positive
Proud mother of Praggnanandhaa,positive
Will donate thrice the number of upvotes (amount in Rs.) i get for this thread in next 24 hours,positive
Art by Sandeep Adhwaryu ,neutral
Fuck all Religion,negative
Muslims people watering hot road in Tamil Nadu so there is some relief for hindu devotees walking barefoot to temple.,positive
Indian reply to NYtimes cartoon on Paris climate accord by Satish Acharya.,neutral
"The essence of the Indian soap opera, distilled into one GIF.",positive
Lamborghini blocked by buffaloes in India,negative
The Elephant Whisperers with their Oscar! LetsCinema on Twitter,positive
it's important to keep perspective about the heatwave,neutral
"As a Brazilian, I just want to say that you guys are in another level!",positive
Can we have some of Karen’s?,positive
Rihanna shows support for farmers.,positive
Nirbhaya rapist and his lawyer blaming the victim.[From documentary India's daughter],negative
"Hi everyone, i am an Artist from Punjab (India) and these are some of my best pencil works.",positive
33 million gods in India and not one capable of producing oxygen: Charlie Hebdo,negative
"Disha Ravi, A climate activist who is being compared to Kasab on twitter.",negative
Haves vs Have-nots in India,negative
The bedsheets in government hospitals (of Kerala) have the day printed on them to ensure they are changed daily. We should all push our state governments to implement things like this on a priority basis.,neutral
This looks legit..,positive
This twitter exchange,neutral
A simple argument for those who deny problems with the caste system,positive
Burj Khalifa illuminated in colours of Indian flag on Independence Day,positive
China get out. Boycott China. .. Sponsored by Vivo.,negative
Modi depicted in Australian Financial Review newspaper cartoon by David Rowe a very distinguished cartoonist.,neutral
Thousands thronged a religious festival in Sanand without masks and social distancing even as the Gujarat government has imposed a Mini Lockdown till May 12,neutral
I’m a westerner who has worked hard learning your amazing food and culture. Today I presented my first thali. Jai Hindi,neutral
"WhiteHatJr filed a 20 CRORE defamation case against me, Pradeep Poonia.",negative
Boycott China.,negative
Today's The Hindu,neutral
A guy from an NIT commited suicide a few days ago. His suicide note.,negative
German exchange Student at IIT Madras is being sent back home by the Indian immigration department because he joined the protest.,negative
India's Tricolour Flag seen waving at Washington DC Capitol Riots...,negative
Hyderabad cop running for 2 km to help ambulance get through traffic,neutral
Tragedy of India,negative
Chanu Saikhom Mirabai wins India’s first medal in Tokyo Olympics 2020. A SILVER!,positive
Cosplayed Soldier Boy from The Boys for primevideo in Mumbai steets yesterday ,neutral
Twitter suspends Kangana's account,negative
Irrfan Khan dies at 54,neutral
We FINALLY won. WhiteHatJr withdrew their case against Pradeep Poonia.,positive
The wealth inequality in India is truly horrifying,negative
"If you are not moved by this picture, I wish I had your heart. [NP]",positive
Kerala now has oxygen war rooms for monitoring oxygen needs.,neutral
"Gang rape survivor shunned from school, denied boards admit card",negative
Vir Das at the Emmys,neutral
Tweet from ESPN India,neutral
Megathread: India-Pakistan border skirmish,negative
"Misty Morning., I took a photo of my friends walking in Coorg.",neutral
Cheat code,negative
"""From midnight the entire country will go under a complete lockdown,"" says PM Modi.",negative
I bought the domain name pmcares.fund because it was available and made a satirical modi-themed chrome dinosaur game in it,positive
A young French boy introduces himself to Indian soldiers in Marseilles. Restored and colourised.,positive
"Dear Hindus, we Indian Muslims rejected an Islamic state in 1947.. Now it's your turn to reject a Hindu Nazi state.. Speak up. NOW",negative
"Since Modi loves to be limelight, I photoshopped him at the places he should be at instead of rallies.",positive
"Ratan Tata No more, Tata Sons official statement, RIP ",negative
I wish we had some good entertainment. Most of mainstream Indian entertainment is a JOKE,positive
"""Want Condoms Too?"" Bihar Officer's Shocker On Girl's Sanitary Pad Query",negative
BBC grilling BJP spokesperson on censoring tweets criticizing the govt on covid.,negative
Hindu shopkeeper beheaded in Udaipur over social media post on Nupur Sharma - India News,negative
Crocodile Tears,negative
The same girl studied at three coaching institutions to secure an AIR-1 rank in NEET?,positive
"I am Sophie Zhang, FB whistleblower. When I found fake accounts manipulating Indian politics, FB approved their removal - until they discovered that some of them were being ran by a sitting MP. The Lok Sabha is considering asking me to testify, but Reddit gets to go first. Ask me anything.",negative
"Spend nearly 500 rs bucks to watch JOKER and in return all i got was 30 mins of advertiment before the movies,20 mins adver. in interval, giant subtitles, and stupid tobacco discalimer which stuck through 70% of the time in the screen,which made crucials scenes so distracting and out of focus.",negative
Fuck this country.,negative
Amazon India is a Fraud,negative
EY employee died due to work pressure,negative
BYJUs putting 14 y/o kids into guilt.,negative
"LOL Amazon approved my e-book 'NICE!!!' having 69 pages and ""nice"" written over all the pages. NICE",positive
"Ostriches don't bury their heads in sand, Indian Govt does - The Telegraph",negative
Hide and Seek biscuit scamming us by showing 20% extra and increasing the gap inside by 20%,negative
My father left me some pieces of history,neutral
Image Of Smiling Baby For Hyderabad Police Officers Who Rescued Him From The Kidnappers Thrill The Internet,positive
This is India.,neutral
much before the existence of gigachad.... we had this guy,neutral
Adani safe hai! A cartoon by Satish Acharya ,positive
No Yoga and Yoga. Difference,neutral
Arranged marriage problems,negative
"Olympic champion Neeraj Chopra wins a silver medal in the World Athletics Championships 2022, which is India's second ever medal in the history of the event !",positive
Baby's Skin Colour,positive
"“Take your shit back you dirtbag” - Nature. Mumbai, Cyclone Tauktae",negative
"India women's hockey team scripts history, enter semi-finals for the first time after beating Australia 1-0.",positive
Winner of a fancy dress competition at a school in Bangalore,positive
American’s attempt at Tandoori Chicken using a home oven,neutral
Manu Bhaker wins Women's 10m Air Pistol Olympic BRONZE,positive
Shahbaz Ansar asks Delhi Men Why Do Rapes Happen,negative
"""History will be kinder to me""",positive
"Bronze Medal! After 31 years, Indian Men's Hockey team wins it's first medal since 1980!",positive
"Two NE student in Karnataka were not allowed to enter store to buy groceries, denying them to be Indian even after they showed their adhaar card . STOP RACISM. (Facebook : @kady.aomi)",negative
'We've only been here a few hours and have seen half a dozen people die while they wait for treatment.' - Sky News ground report from Delhi,negative
Today is my birthday and my parents bought me this. I am 27.,positive
Neeraj Chopra Creates History !! Wins India's Second Ever Individual Gold Medal in the Olympics with an amazing throw of 87.58m !! A proud moment for every Indian .,positive
How to not get raped in India,negative
It's 2021 and India is still doing brown face instead of actually hiring darker skin actors.,negative
"A troop of monkeys purportedly intervened to save a 6-year-old girl, a UKG student, from a rape attempt in Baghpat. ",positive
What can India and Indians do to attract more international tourists.,neutral
I won the Indian Cosplay Championship trophy at Comic Con India.,positive
Chandrayaan-3's lander makes soft landing on the Moon,positive
"My grandmother fought and beat COVID after battling it for a month, and turned 94 today..",positive
Proud mother of Praggnanandhaa,positive
Will donate thrice the number of upvotes (amount in Rs.) i get for this thread in next 24 hours,positive
Art by Sandeep Adhwaryu ,neutral
Fuck all Religion,negative
Muslims people watering hot road in Tamil Nadu so there is some relief for hindu devotees walking barefoot to temple.,positive
Indian reply to NYtimes cartoon on Paris climate accord by Satish Acharya.,neutral
"The essence of the Indian soap opera, distilled into one GIF.",positive
Lamborghini blocked by buffaloes in India,negative
The Elephant Whisperers with their Oscar! LetsCinema on Twitter,positive
it's important to keep perspective about the heatwave,neutral
"As a Brazilian, I just want to say that you guys are in another level!",positive
Can we have some of Karen’s?,positive
Rihanna shows support for farmers.,positive
Nirbhaya rapist and his lawyer blaming the victim.[From documentary India's daughter],negative
"Hi everyone, i am an Artist from Punjab (India) and these are some of my best pencil works.",positive
33 million gods in India and not one capable of producing oxygen: Charlie Hebdo,negative
"Disha Ravi, A climate activist who is being compared to Kasab on twitter.",negative
Haves vs Have-nots in India,negative
The bedsheets in government hospitals (of Kerala) have the day printed on them to ensure they are changed daily. We should all push our state governments to implement things like this on a priority basis.,neutral
This looks legit..,positive
This twitter exchange,neutral
A simple argument for those who deny problems with the caste system,positive
Burj Khalifa illuminated in colours of Indian flag on Independence Day,positive
China get out. Boycott China. .. Sponsored by Vivo.,negative
Modi depicted in Australian Financial Review newspaper cartoon by David Rowe a very distinguished cartoonist.,neutral
Thousands thronged a religious festival in Sanand without masks and social distancing even as the Gujarat government has imposed a Mini Lockdown till May 12,neutral
I’m a westerner who has worked hard learning your amazing food and culture. Today I presented my first thali. Jai Hindi,neutral
"WhiteHatJr filed a 20 CRORE defamation case against me, Pradeep Poonia.",negative
Boycott China.,negative
Today's The Hindu,neutral
A guy from an NIT commited suicide a few days ago. His suicide note.,negative
German exchange Student at IIT Madras is being sent back home by the Indian immigration department because he joined the protest.,negative
India's Tricolour Flag seen waving at Washington DC Capitol Riots...,negative
Hyderabad cop running for 2 km to help ambulance get through traffic,neutral
Tragedy of India,negative
Chanu Saikhom Mirabai wins India’s first medal in Tokyo Olympics 2020. A SILVER!,positive
Cosplayed Soldier Boy from The Boys for primevideo in Mumbai steets yesterday ,neutral
Twitter suspends Kangana's account,negative
Irrfan Khan dies at 54,neutral
We FINALLY won. WhiteHatJr withdrew their case against Pradeep Poonia.,positive
The wealth inequality in India is truly horrifying,negative
"If you are not moved by this picture, I wish I had your heart. [NP]",positive
Kerala now has oxygen war rooms for monitoring oxygen needs.,neutral
"Gang rape survivor shunned from school, denied boards admit card",negative
Vir Das at the Emmys,neutral
Tweet from ESPN India,neutral
Megathread: India-Pakistan border skirmish,negative
"Misty Morning., I took a photo of my friends walking in Coorg.",neutral
Cheat code,negative
"""From midnight the entire country will go under a complete lockdown,"" says PM Modi.",negative
I bought the domain name pmcares.fund because it was available and made a satirical modi-themed chrome dinosaur game in it,positive
A young French boy introduces himself to Indian soldiers in Marseilles. Restored and colourised.,positive
"Dear Hindus, we Indian Muslims rejected an Islamic state in 1947.. Now it's your turn to reject a Hindu Nazi state.. Speak up. NOW",negative
"Since Modi loves to be limelight, I photoshopped him at the places he should be at instead of rallies.",positive
"Ratan Tata No more, Tata Sons official statement, RIP ",negative
I wish we had some good entertainment. Most of mainstream Indian entertainment is a JOKE,positive
"""Want Condoms Too?"" Bihar Officer's Shocker On Girl's Sanitary Pad Query",negative
BBC grilling BJP spokesperson on censoring tweets criticizing the govt on covid.,negative
Hindu shopkeeper beheaded in Udaipur over social media post on Nupur Sharma - India News,negative
Crocodile Tears,negative
The same girl studied at three coaching institutions to secure an AIR-1 rank in NEET?,positive
"I am Sophie Zhang, FB whistleblower. When I found fake accounts manipulating Indian politics, FB approved their removal - until they discovered that some of them were being ran by a sitting MP. The Lok Sabha is considering asking me to testify, but Reddit gets to go first. Ask me anything.",negative
"Spend nearly 500 rs bucks to watch JOKER and in return all i got was 30 mins of advertiment before the movies,20 mins adver. in interval, giant subtitles, and stupid tobacco discalimer which stuck through 70% of the time in the screen,which made crucials scenes so distracting and out of focus.",negative
Fuck this country.,negative
Amazon India is a Fraud,negative
EY employee died due to work pressure,negative
BYJUs putting 14 y/o kids into guilt.,negative
"LOL Amazon approved my e-book 'NICE!!!' having 69 pages and ""nice"" written over all the pages. NICE",positive
"Ostriches don't bury their heads in sand, Indian Govt does - The Telegraph",negative
Hide and Seek biscuit scamming us by showing 20% extra and increasing the gap inside by 20%,negative
My father left me some pieces of history,neutral
Image Of Smiling Baby For Hyderabad Police Officers Who Rescued Him From The Kidnappers Thrill The Internet,positive
This is India.,neutral
much before the existence of gigachad.... we had this guy,neutral
Adani safe hai! A cartoon by Satish Acharya ,positive
No Yoga and Yoga. Difference,neutral
Arranged marriage problems,negative
"Olympic champion Neeraj Chopra wins a silver medal in the World Athletics Championships 2022, which is India's second ever medal in the history of the event !",positive
Baby's Skin Colour,positive
"“Take your shit back you dirtbag” - Nature. Mumbai, Cyclone Tauktae",negative
"India women's hockey team scripts history, enter semi-finals for the first time after beating Australia 1-0.",positive
Winner of a fancy dress competition at a school in Bangalore,positive
American’s attempt at Tandoori Chicken using a home oven,neutral
Manu Bhaker wins Women's 10m Air Pistol Olympic BRONZE,positive
Shahbaz Ansar asks Delhi Men Why Do Rapes Happen,negative
"""History will be kinder to me""",positive
"Bronze Medal! After 31 years, Indian Men's Hockey team wins it's first medal since 1980!",positive
"Two NE student in Karnataka were not allowed to enter store to buy groceries, denying them to be Indian even after they showed their adhaar card . STOP RACISM. (Facebook : @kady.aomi)",negative
'We've only been here a few hours and have seen half a dozen people die while they wait for treatment.' - Sky News ground report from Delhi,negative
Today is my birthday and my parents bought me this. I am 27.,positive
Neeraj Chopra Creates History !! Wins India's Second Ever Individual Gold Medal in the Olympics with an amazing throw of 87.58m !! A proud moment for every Indian .,positive
How to not get raped in India,negative
It's 2021 and India is still doing brown face instead of actually hiring darker skin actors.,negative
"A troop of monkeys purportedly intervened to save a 6-year-old girl, a UKG student, from a rape attempt in Baghpat. ",positive
What can India and Indians do to attract more international tourists.,neutral
I won the Indian Cosplay Championship trophy at Comic Con India.,positive
Chandrayaan-3's lander makes soft landing on the Moon,positive
"My grandmother fought and beat COVID after battling it for a month, and turned 94 today..",positive
Proud mother of Praggnanandhaa,positive
Will donate thrice the number of upvotes (amount in Rs.) i get for this thread in next 24 hours,positive
Art by Sandeep Adhwaryu ,neutral
Fuck all Religion,negative
Muslims people watering hot road in Tamil Nadu so there is some relief for hindu devotees walking barefoot to temple.,positive
Indian reply to NYtimes cartoon on Paris climate accord by Satish Acharya.,neutral
"The essence of the Indian soap opera, distilled into one GIF.",positive
Lamborghini blocked by buffaloes in India,negative
The Elephant Whisperers with their Oscar! LetsCinema on Twitter,positive
it's important to keep perspective about the heatwave,neutral
"As a Brazilian, I just want to say that you guys are in another level!",positive
Can we have some of Karen’s?,positive
Rihanna shows support for farmers.,positive
Nirbhaya rapist and his lawyer blaming the victim.[From documentary India's daughter],negative
"Hi everyone, i am an Artist from Punjab (India) and these are some of my best pencil works.",positive
33 million gods in India and not one capable of producing oxygen: Charlie Hebdo,negative
"Disha Ravi, A climate activist who is being compared to Kasab on twitter.",negative
Haves vs Have-nots in India,negative
The bedsheets in government hospitals (of Kerala) have the day printed on them to ensure they are changed daily. We should all push our state governments to implement things like this on a priority basis.,neutral
This looks legit..,positive
This twitter exchange,neutral
A simple argument for those who deny problems with the caste system,positive
Burj Khalifa illuminated in colours of Indian flag on Independence Day,positive
China get out. Boycott China. .. Sponsored by Vivo.,negative
Modi depicted in Australian Financial Review newspaper cartoon by David Rowe a very distinguished cartoonist.,neutral
Thousands thronged a religious festival in Sanand without masks and social distancing even as the Gujarat government has imposed a Mini Lockdown till May 12,neutral
I’m a westerner who has worked hard learning your amazing food and culture. Today I presented my first thali. Jai Hindi,neutral
"WhiteHatJr filed a 20 CRORE defamation case against me, Pradeep Poonia.",negative
Boycott China.,negative
Today's The Hindu,neutral
A guy from an NIT commited suicide a few days ago. His suicide note.,negative
German exchange Student at IIT Madras is being sent back home by the Indian immigration department because he joined the protest.,negative
India's Tricolour Flag seen waving at Washington DC Capitol Riots...,negative
Hyderabad cop running for 2 km to help ambulance get through traffic,neutral
Tragedy of India,negative
Chanu Saikhom Mirabai wins India’s first medal in Tokyo Olympics 2020. A SILVER!,positive
Cosplayed Soldier Boy from The Boys for primevideo in Mumbai steets yesterday ,neutral
Twitter suspends Kangana's account,negative
Irrfan Khan dies at 54,neutral
We FINALLY won. WhiteHatJr withdrew their case against Pradeep Poonia.,positive
The wealth inequality in India is truly horrifying,negative
"If you are not moved by this picture, I wish I had your heart. [NP]",positive
Kerala now has oxygen war rooms for monitoring oxygen needs.,neutral
"Gang rape survivor shunned from school, denied boards admit card",negative
Vir Das at the Emmys,neutral
Tweet from ESPN India,neutral
Megathread: India-Pakistan border skirmish,negative
"Misty Morning., I took a photo of my friends walking in Coorg.",neutral
Cheat code,negative
"""From midnight the entire country will go under a complete lockdown,"" says PM Modi.",negative
I bought the domain name pmcares.fund because it was available and made a satirical modi-themed chrome dinosaur game in it,positive
A young French boy introduces himself to Indian soldiers in Marseilles. Restored and colourised.,positive
"Dear Hindus, we Indian Muslims rejected an Islamic state in 1947.. Now it's your turn to reject a Hindu Nazi state.. Speak up. NOW",negative
"Since Modi loves to be limelight, I photoshopped him at the places he should be at instead of rallies.",positive
"Ratan Tata No more, Tata Sons official statement, RIP ",negative
I wish we had some good entertainment. Most of mainstream Indian entertainment is a JOKE,positive
"""Want Condoms Too?"" Bihar Officer's Shocker On Girl's Sanitary Pad Query",negative
BBC grilling BJP spokesperson on censoring tweets criticizing the govt on covid.,negative
Hindu shopkeeper beheaded in Udaipur over social media post on Nupur Sharma - India News,negative
Crocodile Tears,negative
The same girl studied at three coaching institutions to secure an AIR-1 rank in NEET?,positive
"I am Sophie Zhang, FB whistleblower. When I found fake accounts manipulating Indian politics, FB approved their removal - until they discovered that some of them were being ran by a sitting MP. The Lok Sabha is considering asking me to testify, but Reddit gets to go first. Ask me anything.",negative
"Spend nearly 500 rs bucks to watch JOKER and in return all i got was 30 mins of advertiment before the movies,20 mins adver. in interval, giant subtitles, and stupid tobacco discalimer which stuck through 70% of the time in the screen,which made crucials scenes so distracting and out of focus.",negative
Fuck this country.,negative
Amazon India is a Fraud,negative
EY employee died due to work pressure,negative
BYJUs putting 14 y/o kids into guilt.,negative
"LOL Amazon approved my e-book 'NICE!!!' having 69 pages and ""nice"" written over all the pages. NICE",positive
"Ostriches don't bury their heads in sand, Indian Govt does - The Telegraph",negative
Hide and Seek biscuit scamming us by showing 20% extra and increasing the gap inside by 20%,negative
My father left me some pieces of history,neutral
Image Of Smiling Baby For Hyderabad Police Officers Who Rescued Him From The Kidnappers Thrill The Internet,positive
This is India.,neutral
much before the existence of gigachad.... we had this guy,neutral
Adani safe hai! A cartoon by Satish Acharya ,positive
No Yoga and Yoga. Difference,neutral
Arranged marriage problems,negative
"Olympic champion Neeraj Chopra wins a silver medal in the World Athletics Championships 2022, which is India's second ever medal in the history of the event !",positive
Baby's Skin Colour,positive
"“Take your shit back you dirtbag” - Nature. Mumbai, Cyclone Tauktae",negative
"India women's hockey team scripts history, enter semi-finals for the first time after beating Australia 1-0.",positive
Winner of a fancy dress competition at a school in Bangalore,positive
American’s attempt at Tandoori Chicken using a home oven,neutral
Manu Bhaker wins Women's 10m Air Pistol Olympic BRONZE,positive
Shahbaz Ansar asks Delhi Men Why Do Rapes Happen,negative
"""History will be kinder to me""",positive
"Bronze Medal! After 31 years, Indian Men's Hockey team wins it's first medal since 1980!",positive
"Two NE student in Karnataka were not allowed to enter store to buy groceries, denying them to be Indian even after they showed their adhaar card . STOP RACISM. (Facebook : @kady.aomi)",negative
'We've only been here a few hours and have seen half a dozen people die while they wait for treatment.' - Sky News ground report from Delhi,negative
Today is my birthday and my parents bought me this. I am 27.,positive
Neeraj Chopra Creates History !! Wins India's Second Ever Individual Gold Medal in the Olympics with an amazing throw of 87.58m !! A proud moment for every Indian .,positive
How to not get raped in India,negative
It's 2021 and India is still doing brown face instead of actually hiring darker skin actors.,negative
"A troop of monkeys purportedly intervened to save a 6-year-old girl, a UKG student, from a rape attempt in Baghpat. ",positive
What can India and Indians do to attract more international tourists.,neutral
I won the Indian Cosplay Championship trophy at Comic Con India.,positive
Chandrayaan-3's lander makes soft landing on the Moon,positive
"My grandmother fought and beat COVID after battling it for a month, and turned 94 today..",positive
Proud mother of Praggnanandhaa,positive
Will donate thrice the number of upvotes (amount in Rs.) i get for this thread in next 24 hours,positive
Art by Sandeep Adhwaryu ,neutral
Fuck all Religion,negative
Muslims people watering hot road in Tamil Nadu so there is some relief for hindu devotees walking barefoot to temple.,positive
Indian reply to NYtimes cartoon on Paris climate accord by Satish Acharya.,neutral
"The essence of the Indian soap opera, distilled into one GIF.",positive
Lamborghini blocked by buffaloes in India,negative
The Elephant Whisperers with their Oscar! LetsCinema on Twitter,positive
it's important to keep perspective about the heatwave,neutral
"As a Brazilian, I just want to say that you guys are in another level!",positive
Can we have some of Karen’s?,positive
Rihanna shows support for farmers.,positive
Nirbhaya rapist and his lawyer blaming the victim.[From documentary India's daughter],negative
"Hi everyone, i am an Artist from Punjab (India) and these are some of my best pencil works.",positive
33 million gods in India and not one capable of producing oxygen: Charlie Hebdo,negative
"Disha Ravi, A climate activist who is being compared to Kasab on twitter.",negative
Haves vs Have-nots in India,negative
The bedsheets in government hospitals (of Kerala) have the day printed on them to ensure they are changed daily. We should all push our state governments to implement things like this on a priority basis.,neutral
This looks legit..,positive
This twitter exchange,neutral
A simple argument for those who deny problems with the caste system,positive
Burj Khalifa illuminated in colours of Indian flag on Independence Day,positive
China get out. Boycott China. .. Sponsored by Vivo.,negative
Modi depicted in Australian Financial Review newspaper cartoon by David Rowe a very distinguished cartoonist.,neutral
Thousands thronged a religious festival in Sanand without masks and social distancing even as the Gujarat government has imposed a Mini Lockdown till May 12,neutral
I’m a westerner who has worked hard learning your amazing food and culture. Today I presented my first thali. Jai Hindi,neutral
"WhiteHatJr filed a 20 CRORE defamation case against me, Pradeep Poonia.",negative
Boycott China.,negative
Today's The Hindu,neutral
A guy from an NIT commited suicide a few days ago. His suicide note.,negative
German exchange Student at IIT Madras is being sent back home by the Indian immigration department because he joined the protest.,negative
India's Tricolour Flag seen waving at Washington DC Capitol Riots...,negative
Hyderabad cop running for 2 km to help ambulance get through traffic,neutral
Tragedy of India,negative
Chanu Saikhom Mirabai wins India’s first medal in Tokyo Olympics 2020. A SILVER!,positive
Cosplayed Soldier Boy from The Boys for primevideo in Mumbai steets yesterday ,neutral
Twitter suspends Kangana's account,negative
Irrfan Khan dies at 54,neutral
We FINALLY won. WhiteHatJr withdrew their case against Pradeep Poonia.,positive
The wealth inequality in India is truly horrifying,negative
"If you are not moved by this picture, I wish I had your heart. [NP]",positive
Kerala now has oxygen war rooms for monitoring oxygen needs.,neutral
"Gang rape survivor shunned from school, denied boards admit card",negative
Vir Das at the Emmys,neutral
Tweet from ESPN India,neutral
Megathread: India-Pakistan border skirmish,negative
"Misty Morning., I took a photo of my friends walking in Coorg.",neutral
Cheat code,negative
"""From midnight the entire country will go under a complete lockdown,"" says PM Modi.",negative
I bought the domain name pmcares.fund because it was available and made a satirical modi-themed chrome dinosaur game in it,positive
A young French boy introduces himself to Indian soldiers in Marseilles. Restored and colourised.,positive
"Dear Hindus, we Indian Muslims rejected an Islamic state in 1947.. Now it's your turn to reject a Hindu Nazi state.. Speak up. NOW",negative
"Since Modi loves to be limelight, I photoshopped him at the places he should be at instead of rallies.",positive
"Ratan Tata No more, Tata Sons official statement, RIP ",negative
I wish we had some good entertainment. Most of mainstream Indian entertainment is a JOKE,positive
"""Want Condoms Too?"" Bihar Officer's Shocker On Girl's Sanitary Pad Query",negative
BBC grilling BJP spokesperson on censoring tweets criticizing the govt on covid.,negative
Hindu shopkeeper beheaded in Udaipur over social media post on Nupur Sharma - India News,negative
Crocodile Tears,negative
The same girl studied at three coaching institutions to secure an AIR-1 rank in NEET?,positive
"I am Sophie Zhang, FB whistleblower. When I found fake accounts manipulating Indian politics, FB approved their removal - until they discovered that some of them were being ran by a sitting MP. The Lok Sabha is considering asking me to testify, but Reddit gets to go first. Ask me anything.",negative
"Spend nearly 500 rs bucks to watch JOKER and in return all i got was 30 mins of advertiment before the movies,20 mins adver. in interval, giant subtitles, and stupid tobacco discalimer which stuck through 70% of the time in the screen,which made crucials scenes so distracting and out of focus.",negative
Fuck this country.,negative
Amazon India is a Fraud,negative
EY employee died due to work pressure,negative
BYJUs putting 14 y/o kids into guilt.,negative
"LOL Amazon approved my e-book 'NICE!!!' having 69 pages and ""nice"" written over all the pages. NICE",positive
"Ostriches don't bury their heads in sand, Indian Govt does - The Telegraph",negative
Hide and Seek biscuit scamming us by showing 20% extra and increasing the gap inside by 20%,negative
My father left me some pieces of history,neutral
Image Of Smiling Baby For Hyderabad Police Officers Who Rescued Him From The Kidnappers Thrill The Internet,positive
This is India.,neutral
much before the existence of gigachad.... we had this guy,neutral
Adani safe hai! A cartoon by Satish Acharya ,positive
No Yoga and Yoga. Difference,neutral
Arranged marriage problems,negative
"Olympic champion Neeraj Chopra wins a silver medal in the World Athletics Championships 2022, which is India's second ever medal in the history of the event !",positive
Baby's Skin Colour,positive
"“Take your shit back you dirtbag” - Nature. Mumbai, Cyclone Tauktae",negative
"India women's hockey team scripts history, enter semi-finals for the first time after beating Australia 1-0.",positive
Winner of a fancy dress competition at a school in Bangalore,positive
American’s attempt at Tandoori Chicken using a home oven,neutral
Manu Bhaker wins Women's 10m Air Pistol Olympic BRONZE,positive
Shahbaz Ansar asks Delhi Men Why Do Rapes Happen,negative
"""History will be kinder to me""",positive
"Bronze Medal! After 31 years, Indian Men's Hockey team wins it's first medal since 1980!",positive
"Two NE student in Karnataka were not allowed to enter store to buy groceries, denying them to be Indian even after they showed their adhaar card . STOP RACISM. (Facebook : @kady.aomi)",negative
'We've only been here a few hours and have seen half a dozen people die while they wait for treatment.' - Sky News ground report from Delhi,negative
Today is my birthday and my parents bought me this. I am 27.,positive
Neeraj Chopra Creates History !! Wins India's Second Ever Individual Gold Medal in the Olympics with an amazing throw of 87.58m !! A proud moment for every Indian .,positive
How to not get raped in India,negative
It's 2021 and India is still doing brown face instead of actually hiring darker skin actors.,negative
"A troop of monkeys purportedly intervened to save a 6-year-old girl, a UKG student, from a rape attempt in Baghpat. ",positive
What can India and Indians do to attract more international tourists.,neutral
I won the Indian Cosplay Championship trophy at Comic Con India.,positive
Chandrayaan-3's lander makes soft landing on the Moon,positive
"My grandmother fought and beat COVID after battling it for a month, and turned 94 today..",positive
Proud mother of Praggnanandhaa,positive
Will donate thrice the number of upvotes (amount in Rs.) i get for this thread in next 24 hours,positive
Art by Sandeep Adhwaryu ,neutral
Fuck all Religion,negative
Muslims people watering hot road in Tamil Nadu so there is some relief for hindu devotees walking barefoot to temple.,positive
Indian reply to NYtimes cartoon on Paris climate accord by Satish Acharya.,neutral
"The essence of the Indian soap opera, distilled into one GIF.",positive
Lamborghini blocked by buffaloes in India,negative
The Elephant Whisperers with their Oscar! LetsCinema on Twitter,positive
it's important to keep perspective about the heatwave,neutral
"As a Brazilian, I just want to say that you guys are in another level!",positive
Can we have some of Karen’s?,positive
Rihanna shows support for farmers.,positive
Nirbhaya rapist and his lawyer blaming the victim.[From documentary India's daughter],negative
"Hi everyone, i am an Artist from Punjab (India) and these are some of my best pencil works.",positive
33 million gods in India and not one capable of producing oxygen: Charlie Hebdo,negative
"Disha Ravi, A climate activist who is being compared to Kasab on twitter.",negative
Haves vs Have-nots in India,negative
The bedsheets in government hospitals (of Kerala) have the day printed on them to ensure they are changed daily. We should all push our state governments to implement things like this on a priority basis.,neutral
This looks legit..,positive
This twitter exchange,neutral
A simple argument for those who deny problems with the caste system,positive
Burj Khalifa illuminated in colours of Indian flag on Independence Day,positive
China get out. Boycott China. .. Sponsored by Vivo.,negative
Modi depicted in Australian Financial Review newspaper cartoon by David Rowe a very distinguished cartoonist.,neutral
Thousands thronged a religious festival in Sanand without masks and social distancing even as the Gujarat government has imposed a Mini Lockdown till May 12,neutral
I’m a westerner who has worked hard learning your amazing food and culture. Today I presented my first thali. Jai Hindi,neutral
"WhiteHatJr filed a 20 CRORE defamation case against me, Pradeep Poonia.",negative
Boycott China.,negative
Today's The Hindu,neutral
A guy from an NIT commited suicide a few days ago. His suicide note.,negative
German exchange Student at IIT Madras is being sent back home by the Indian immigration department because he joined the protest.,negative
India's Tricolour Flag seen waving at Washington DC Capitol Riots...,negative
Hyderabad cop running for 2 km to help ambulance get through traffic,neutral
Tragedy of India,negative
Chanu Saikhom Mirabai wins India’s first medal in Tokyo Olympics 2020. A SILVER!,positive
Cosplayed Soldier Boy from The Boys for primevideo in Mumbai steets yesterday ,neutral
Twitter suspends Kangana's account,negative
Irrfan Khan dies at 54,neutral
We FINALLY won. WhiteHatJr withdrew their case against Pradeep Poonia.,positive
The wealth inequality in India is truly horrifying,negative
"If you are not moved by this picture, I wish I had your heart. [NP]",positive
Kerala now has oxygen war rooms for monitoring oxygen needs.,neutral
"Gang rape survivor shunned from school, denied boards admit card",negative
Vir Das at the Emmys,neutral
Tweet from ESPN India,neutral
Megathread: India-Pakistan border skirmish,negative
"Misty Morning., I took a photo of my friends walking in Coorg.",neutral
Cheat code,negative
"""From midnight the entire country will go under a complete lockdown,"" says PM Modi.",negative
I bought the domain name pmcares.fund because it was available and made a satirical modi-themed chrome dinosaur game in it,positive
A young French boy introduces himself to Indian soldiers in Marseilles. Restored and colourised.,positive
"Dear Hindus, we Indian Muslims rejected an Islamic state in 1947.. Now it's your turn to reject a Hindu Nazi state.. Speak up. NOW",negative
"Since Modi loves to be limelight, I photoshopped him at the places he should be at instead of rallies.",positive
"Ratan Tata No more, Tata Sons official statement, RIP ",negative
I wish we had some good entertainment. Most of mainstream Indian entertainment is a JOKE,positive
"""Want Condoms Too?"" Bihar Officer's Shocker On Girl's Sanitary Pad Query",negative
BBC grilling BJP spokesperson on censoring tweets criticizing the govt on covid.,negative
Hindu shopkeeper beheaded in Udaipur over social media post on Nupur Sharma - India News,negative
Crocodile Tears,negative
The same girl studied at three coaching institutions to secure an AIR-1 rank in NEET?,positive
"I am Sophie Zhang, FB whistleblower. When I found fake accounts manipulating Indian politics, FB approved their removal - until they discovered that some of them were being ran by a sitting MP. The Lok Sabha is considering asking me to testify, but Reddit gets to go first. Ask me anything.",negative
"Spend nearly 500 rs bucks to watch JOKER and in return all i got was 30 mins of advertiment before the movies,20 mins adver. in interval, giant subtitles, and stupid tobacco discalimer which stuck through 70% of the time in the screen,which made crucials scenes so distracting and out of focus.",negative
Fuck this country.,negative
Amazon India is a Fraud,negative
EY employee died due to work pressure,negative
BYJUs putting 14 y/o kids into guilt.,negative
"LOL Amazon approved my e-book 'NICE!!!' having 69 pages and ""nice"" written over all the pages. NICE",positive
"Ostriches don't bury their heads in sand, Indian Govt does - The Telegraph",negative
Hide and Seek biscuit scamming us by showing 20% extra and increasing the gap inside by 20%,negative
My father left me some pieces of history,neutral
Image Of Smiling Baby For Hyderabad Police Officers Who Rescued Him From The Kidnappers Thrill The Internet,positive
This is India.,neutral
much before the existence of gigachad.... we had this guy,neutral
Adani safe hai! A cartoon by Satish Acharya ,positive
No Yoga and Yoga. Difference,neutral
Arranged marriage problems,negative
"Olympic champion Neeraj Chopra wins a silver medal in the World Athletics Championships 2022, which is India's second ever medal in the history of the event !",positive
Baby's Skin Colour,positive
"“Take your shit back you dirtbag” - Nature. Mumbai, Cyclone Tauktae",negative
"India women's hockey team scripts history, enter semi-finals for the first time after beating Australia 1-0.",positive
Winner of a fancy dress competition at a school in Bangalore,positive
American’s attempt at Tandoori Chicken using a home oven,neutral
Manu Bhaker wins Women's 10m Air Pistol Olympic BRONZE,positive
Shahbaz Ansar asks Delhi Men Why Do Rapes Happen,negative
"""History will be kinder to me""",positive
"Bronze Medal! After 31 years, Indian Men's Hockey team wins it's first medal since 1980!",positive
"Two NE student in Karnataka were not allowed to enter store to buy groceries, denying them to be Indian even after they showed their adhaar card . STOP RACISM. (Facebook : @kady.aomi)",negative
'We've only been here a few hours and have seen half a dozen people die while they wait for treatment.' - Sky News ground report from Delhi,negative
Today is my birthday and my parents bought me this. I am 27.,positive
Neeraj Chopra Creates History !! Wins India's Second Ever Individual Gold Medal in the Olympics with an amazing throw of 87.58m !! A proud moment for every Indian .,positive
How to not get raped in India,negative
It's 2021 and India is still doing brown face instead of actually hiring darker skin actors.,negative
"A troop of monkeys purportedly intervened to save a 6-year-old girl, a UKG student, from a rape attempt in Baghpat. ",positive
What can India and Indians do to attract more international tourists.,neutral
I won the Indian Cosplay Championship trophy at Comic Con India.,positive
Chandrayaan-3's lander makes soft landing on the Moon,positive
"My grandmother fought and beat COVID after battling it for a month, and turned 94 today..",positive
Proud mother of Praggnanandhaa,positive
Will donate thrice the number of upvotes (amount in Rs.) i get for this thread in next 24 hours,positive
Art by Sandeep Adhwaryu ,neutral
Fuck all Religion,negative
Muslims people watering hot road in Tamil Nadu so there is some relief for hindu devotees walking barefoot to temple.,positive
Indian reply to NYtimes cartoon on Paris climate accord by Satish Acharya.,neutral
"The essence of the Indian soap opera, distilled into one GIF.",positive
Lamborghini blocked by buffaloes in India,negative
The Elephant Whisperers with their Oscar! LetsCinema on Twitter,positive
it's important to keep perspective about the heatwave,neutral
"As a Brazilian, I just want to say that you guys are in another level!",positive
Can we have some of Karen’s?,positive
Rihanna shows support for farmers.,positive
Nirbhaya rapist and his lawyer blaming the victim.[From documentary India's daughter],negative
"Hi everyone, i am an Artist from Punjab (India) and these are some of my best pencil works.",positive
33 million gods in India and not one capable of producing oxygen: Charlie Hebdo,negative
"Disha Ravi, A climate activist who is being compared to Kasab on twitter.",negative
Haves vs Have-nots in India,negative
The bedsheets in government hospitals (of Kerala) have the day printed on them to ensure they are changed daily. We should all push our state governments to implement things like this on a priority basis.,neutral
This looks legit..,positive
This twitter exchange,neutral
A simple argument for those who deny problems with the caste system,positive
Burj Khalifa illuminated in colours of Indian flag on Independence Day,positive
China get out. Boycott China. .. Sponsored by Vivo.,negative
Modi depicted in Australian Financial Review newspaper cartoon by David Rowe a very distinguished cartoonist.,neutral
Thousands thronged a religious festival in Sanand without masks and social distancing even as the Gujarat government has imposed a Mini Lockdown till May 12,neutral
I’m a westerner who has worked hard learning your amazing food and culture. Today I presented my first thali. Jai Hindi,neutral
"WhiteHatJr filed a 20 CRORE defamation case against me, Pradeep Poonia.",negative
Boycott China.,negative
Today's The Hindu,neutral
A guy from an NIT commited suicide a few days ago. His suicide note.,negative
German exchange Student at IIT Madras is being sent back home by the Indian immigration department because he joined the protest.,negative
India's Tricolour Flag seen waving at Washington DC Capitol Riots...,negative
Hyderabad cop running for 2 km to help ambulance get through traffic,neutral
Tragedy of India,negative
Chanu Saikhom Mirabai wins India’s first medal in Tokyo Olympics 2020. A SILVER!,positive
Cosplayed Soldier Boy from The Boys for primevideo in Mumbai steets yesterday ,neutral
Twitter suspends Kangana's account,negative
Irrfan Khan dies at 54,neutral
We FINALLY won. WhiteHatJr withdrew their case against Pradeep Poonia.,positive
The wealth inequality in India is truly horrifying,negative
"If you are not moved by this picture, I wish I had your heart. [NP]",positive
Kerala now has oxygen war rooms for monitoring oxygen needs.,neutral
"Gang rape survivor shunned from school, denied boards admit card",negative
Vir Das at the Emmys,neutral
Tweet from ESPN India,neutral
Megathread: India-Pakistan border skirmish,negative
"Misty Morning., I took a photo of my friends walking in Coorg.",neutral
Cheat code,negative
"""From midnight the entire country will go under a complete lockdown,"" says PM Modi.",negative
I bought the domain name pmcares.fund because it was available and made a satirical modi-themed chrome dinosaur game in it,positive
A young French boy introduces himself to Indian soldiers in Marseilles. Restored and colourised.,positive
"Dear Hindus, we Indian Muslims rejected an Islamic state in 1947.. Now it's your turn to reject a Hindu Nazi state.. Speak up. NOW",negative
"Since Modi loves to be limelight, I photoshopped him at the places he should be at instead of rallies.",positive
"Ratan Tata No more, Tata Sons official statement, RIP ",negative
I wish we had some good entertainment. Most of mainstream Indian entertainment is a JOKE,positive
"""Want Condoms Too?"" Bihar Officer's Shocker On Girl's Sanitary Pad Query",negative
BBC grilling BJP spokesperson on censoring tweets criticizing the govt on covid.,negative
Hindu shopkeeper beheaded in Udaipur over social media post on Nupur Sharma - India News,negative
Crocodile Tears,negative
The same girl studied at three coaching institutions to secure an AIR-1 rank in NEET?,positive
"I am Sophie Zhang, FB whistleblower. When I found fake accounts manipulating Indian politics, FB approved their removal - until they discovered that some of them were being ran by a sitting MP. The Lok Sabha is considering asking me to testify, but Reddit gets to go first. Ask me anything.",negative
"Spend nearly 500 rs bucks to watch JOKER and in return all i got was 30 mins of advertiment before the movies,20 mins adver. in interval, giant subtitles, and stupid tobacco discalimer which stuck through 70% of the time in the screen,which made crucials scenes so distracting and out of focus.",negative
Fuck this country.,negative
Amazon India is a Fraud,negative
EY employee died due to work pressure,negative
BYJUs putting 14 y/o kids into guilt.,negative
"LOL Amazon approved my e-book 'NICE!!!' having 69 pages and ""nice"" written over all the pages. NICE",positive
"Ostriches don't bury their heads in sand, Indian Govt does - The Telegraph",negative
Hide and Seek biscuit scamming us by showing 20% extra and increasing the gap inside by 20%,negative
My father left me some pieces of history,neutral
Image Of Smiling Baby For Hyderabad Police Officers Who Rescued Him From The Kidnappers Thrill The Internet,positive
This is India.,neutral
much before the existence of gigachad.... we had this guy,neutral
Adani safe hai! A cartoon by Satish Acharya ,positive
No Yoga and Yoga. Difference,neutral
Arranged marriage problems,negative
"Olympic champion Neeraj Chopra wins a silver medal in the World Athletics Championships 2022, which is India's second ever medal in the history of the event !",positive
Baby's Skin Colour,positive
"“Take your shit back you dirtbag” - Nature. Mumbai, Cyclone Tauktae",negative
"India women's hockey team scripts history, enter semi-finals for the first time after beating Australia 1-0.",positive
Winner of a fancy dress competition at a school in Bangalore,positive
American’s attempt at Tandoori Chicken using a home oven,neutral
Manu Bhaker wins Women's 10m Air Pistol Olympic BRONZE,positive
Shahbaz Ansar asks Delhi Men Why Do Rapes Happen,negative
"""History will be kinder to me""",positive
"Bronze Medal! After 31 years, Indian Men's Hockey team wins it's first medal since 1980!",positive
"Two NE student in Karnataka were not allowed to enter store to buy groceries, denying them to be Indian even after they showed their adhaar card . STOP RACISM. (Facebook : @kady.aomi)",negative
'We've only been here a few hours and have seen half a dozen people die while they wait for treatment.' - Sky News ground report from Delhi,negative
Today is my birthday and my parents bought me this. I am 27.,positive
Neeraj Chopra Creates History !! Wins India's Second Ever Individual Gold Medal in the Olympics with an amazing throw of 87.58m !! A proud moment for every Indian .,positive
How to not get raped in India,negative
It's 2021 and India is still doing brown face instead of actually hiring darker skin actors.,negative
"A troop of monkeys purportedly intervened to save a 6-year-old girl, a UKG student, from a rape attempt in Baghpat. ",positive
What can India and Indians do to attract more international tourists.,neutral
I won the Indian Cosplay Championship trophy at Comic Con India.,positive
Chandrayaan-3's lander makes soft landing on the Moon,positive
"My grandmother fought and beat COVID after battling it for a month, and turned 94 today..",positive
Proud mother of Praggnanandhaa,positive
Will donate thrice the number of upvotes (amount in Rs.) i get for this thread in next 24 hours,positive
Art by Sandeep Adhwaryu ,neutral
Fuck all Religion,negative
Muslims people watering hot road in Tamil Nadu so there is some relief for hindu devotees walking barefoot to temple.,positive
Indian reply to NYtimes cartoon on Paris climate accord by Satish Acharya.,neutral
"The essence of the Indian soap opera, distilled into one GIF.",positive
Lamborghini blocked by buffaloes in India,negative
The Elephant Whisperers with their Oscar! LetsCinema on Twitter,positive
it's important to keep perspective about the heatwave,neutral
"As a Brazilian, I just want to say that you guys are in another level!",positive
Can we have some of Karen’s?,positive
Rihanna shows support for farmers.,positive
Nirbhaya rapist and his lawyer blaming the victim.[From documentary India's daughter],negative
"Hi everyone, i am an Artist from Punjab (India) and these are some of my best pencil works.",positive
33 million gods in India and not one capable of producing oxygen: Charlie Hebdo,negative
"Disha Ravi, A climate activist who is being compared to Kasab on twitter.",negative
Haves vs Have-nots in India,negative
The bedsheets in government hospitals (of Kerala) have the day printed on them to ensure they are changed daily. We should all push our state governments to implement things like this on a priority basis.,neutral
This looks legit..,positive
This twitter exchange,neutral
A simple argument for those who deny problems with the caste system,positive
Burj Khalifa illuminated in colours of Indian flag on Independence Day,positive
China get out. Boycott China. .. Sponsored by Vivo.,negative
Modi depicted in Australian Financial Review newspaper cartoon by David Rowe a very distinguished cartoonist.,neutral
Thousands thronged a religious festival in Sanand without masks and social distancing even as the Gujarat government has imposed a Mini Lockdown till May 12,neutral
I’m a westerner who has worked hard learning your amazing food and culture. Today I presented my first thali. Jai Hindi,neutral
"WhiteHatJr filed a 20 CRORE defamation case against me, Pradeep Poonia.",negative
Boycott China.,negative
Today's The Hindu,neutral
A guy from an NIT commited suicide a few days ago. His suicide note.,negative
German exchange Student at IIT Madras is being sent back home by the Indian immigration department because he joined the protest.,negative
India's Tricolour Flag seen waving at Washington DC Capitol Riots...,negative
Hyderabad cop running for 2 km to help ambulance get through traffic,neutral
Tragedy of India,negative
Chanu Saikhom Mirabai wins India’s first medal in Tokyo Olympics 2020. A SILVER!,positive
Cosplayed Soldier Boy from The Boys for primevideo in Mumbai steets yesterday ,neutral
Twitter suspends Kangana's account,negative
Irrfan Khan dies at 54,neutral
We FINALLY won. WhiteHatJr withdrew their case against Pradeep Poonia.,positive
The wealth inequality in India is truly horrifying,negative
"If you are not moved by this picture, I wish I had your heart. [NP]",positive
Kerala now has oxygen war rooms for monitoring oxygen needs.,neutral
"Gang rape survivor shunned from school, denied boards admit card",negative
Vir Das at the Emmys,neutral
Tweet from ESPN India,neutral
Megathread: India-Pakistan border skirmish,negative
"Misty Morning., I took a photo of my friends walking in Coorg.",neutral
Cheat code,negative
"""From midnight the entire country will go under a complete lockdown,"" says PM Modi.",negative
I bought the domain name pmcares.fund because it was available and made a satirical modi-themed chrome dinosaur game in it,positive
A young French boy introduces himself to Indian soldiers in Marseilles. Restored and colourised.,positive
"Dear Hindus, we Indian Muslims rejected an Islamic state in 1947.. Now it's your turn to reject a Hindu Nazi state.. Speak up. NOW",negative
"Since Modi loves to be limelight, I photoshopped him at the places he should be at instead of rallies.",positive
"Ratan Tata No more, Tata Sons official statement, RIP ",negative
I wish we had some good entertainment. Most of mainstream Indian entertainment is a JOKE,positive
"""Want Condoms Too?"" Bihar Officer's Shocker On Girl's Sanitary Pad Query",negative
BBC grilling BJP spokesperson on censoring tweets criticizing the govt on covid.,negative
Hindu shopkeeper beheaded in Udaipur over social media post on Nupur Sharma - India News,negative
Crocodile Tears,negative
The same girl studied at three coaching institutions to secure an AIR-1 rank in NEET?,positive
"I am Sophie Zhang, FB whistleblower. When I found fake accounts manipulating Indian politics, FB approved their removal - until they discovered that some of them were being ran by a sitting MP. The Lok Sabha is considering asking me to testify, but Reddit gets to go first. Ask me anything.",negative
"Spend nearly 500 rs bucks to watch JOKER and in return all i got was 30 mins of advertiment before the movies,20 mins adver. in interval, giant subtitles, and stupid tobacco discalimer which stuck through 70% of the time in the screen,which made crucials scenes so distracting and out of focus.",negative
Fuck this country.,negative
Amazon India is a Fraud,negative
EY employee died due to work pressure,negative
BYJUs putting 14 y/o kids into guilt.,negative
"LOL Amazon approved my e-book 'NICE!!!' having 69 pages and ""nice"" written over all the pages. NICE",positive
"Ostriches don't bury their heads in sand, Indian Govt does - The Telegraph",negative
Hide and Seek biscuit scamming us by showing 20% extra and increasing the gap inside by 20%,negative
My father left me some pieces of history,neutral
Image Of Smiling Baby For Hyderabad Police Officers Who Rescued Him From The Kidnappers Thrill The Internet,positive
This is India.,neutral
much before the existence of gigachad.... we had this guy,neutral
Adani safe hai! A cartoon by Satish Acharya ,positive
No Yoga and Yoga. Difference,neutral
Arranged marriage problems,negative
"Olympic champion Neeraj Chopra wins a silver medal in the World Athletics Championships 2022, which is India's second ever medal in the history of the event !",positive
Baby's Skin Colour,positive
"“Take your shit back you dirtbag” - Nature. Mumbai, Cyclone Tauktae",negative
"India women's hockey team scripts history, enter semi-finals for the first time after beating Australia 1-0.",positive
Winner of a fancy dress competition at a school in Bangalore,positive
American’s attempt at Tandoori Chicken using a home oven,neutral
Manu Bhaker wins Women's 10m Air Pistol Olympic BRONZE,positive
Shahbaz Ansar asks Delhi Men Why Do Rapes Happen,negative
"""History will be kinder to me""",positive
"Bronze Medal! After 31 years, Indian Men's Hockey team wins it's first medal since 1980!",positive
"Two NE student in Karnataka were not allowed to enter store to buy groceries, denying them to be Indian even after they showed their adhaar card . STOP RACISM. (Facebook : @kady.aomi)",negative
'We've only been here a few hours and have seen half a dozen people die while they wait for treatment.' - Sky News ground report from Delhi,negative
Today is my birthday and my parents bought me this. I am 27.,positive
Neeraj Chopra Creates History !! Wins India's Second Ever Individual Gold Medal in the Olympics with an amazing throw of 87.58m !! A proud moment for every Indian .,positive
How to not get raped in India,negative
It's 2021 and India is still doing brown face instead of actually hiring darker skin actors.,negative
"A troop of monkeys purportedly intervened to save a 6-year-old girl, a UKG student, from a rape attempt in Baghpat. ",positive
What can India and Indians do to attract more international tourists.,neutral
I won the Indian Cosplay Championship trophy at Comic Con India.,positive
Chandrayaan-3's lander makes soft landing on the Moon,positive
"My grandmother fought and beat COVID after battling it for a month, and turned 94 today..",positive
Proud mother of Praggnanandhaa,positive
Will donate thrice the number of upvotes (amount in Rs.) i get for this thread in next 24 hours,positive
Art by Sandeep Adhwaryu ,neutral
Fuck all Religion,negative
Muslims people watering hot road in Tamil Nadu so there is some relief for hindu devotees walking barefoot to temple.,positive
Indian reply to NYtimes cartoon on Paris climate accord by Satish Acharya.,neutral
"The essence of the Indian soap opera, distilled into one GIF.",positive
Lamborghini blocked by buffaloes in India,negative
The Elephant Whisperers with their Oscar! LetsCinema on Twitter,positive
it's important to keep perspective about the heatwave,neutral
"As a Brazilian, I just want to say that you guys are in another level!",positive
Can we have some of Karen’s?,positive
Rihanna shows support for farmers.,positive
Nirbhaya rapist and his lawyer blaming the victim.[From documentary India's daughter],negative
"Hi everyone, i am an Artist from Punjab (India) and these are some of my best pencil works.",positive
33 million gods in India and not one capable of producing oxygen: Charlie Hebdo,negative
"Disha Ravi, A climate activist who is being compared to Kasab on twitter.",negative
Haves vs Have-nots in India,negative
The bedsheets in government hospitals (of Kerala) have the day printed on them to ensure they are changed daily. We should all push our state governments to implement things like this on a priority basis.,neutral
This looks legit..,positive
This twitter exchange,neutral
A simple argument for those who deny problems with the caste system,positive
Burj Khalifa illuminated in colours of Indian flag on Independence Day,positive
China get out. Boycott China. .. Sponsored by Vivo.,negative
Modi depicted in Australian Financial Review newspaper cartoon by David Rowe a very distinguished cartoonist.,neutral
Thousands thronged a religious festival in Sanand without masks and social distancing even as the Gujarat government has imposed a Mini Lockdown till May 12,neutral
I’m a westerner who has worked hard learning your amazing food and culture. Today I presented my first thali. Jai Hindi,neutral
"WhiteHatJr filed a 20 CRORE defamation case against me, Pradeep Poonia.",negative
Boycott China.,negative
Today's The Hindu,neutral
A guy from an NIT commited suicide a few days ago. His suicide note.,negative
German exchange Student at IIT Madras is being sent back home by the Indian immigration department because he joined the protest.,negative
India's Tricolour Flag seen waving at Washington DC Capitol Riots...,negative
Hyderabad cop running for 2 km to help ambulance get through traffic,neutral
Tragedy of India,negative
Chanu Saikhom Mirabai wins India’s first medal in Tokyo Olympics 2020. A SILVER!,positive
Cosplayed Soldier Boy from The Boys for primevideo in Mumbai steets yesterday ,neutral
Twitter suspends Kangana's account,negative
Irrfan Khan dies at 54,neutral
We FINALLY won. WhiteHatJr withdrew their case against Pradeep Poonia.,positive
The wealth inequality in India is truly horrifying,negative
"If you are not moved by this picture, I wish I had your heart. [NP]",positive
Kerala now has oxygen war rooms for monitoring oxygen needs.,neutral
"Gang rape survivor shunned from school, denied boards admit card",negative
Vir Das at the Emmys,neutral
Tweet from ESPN India,neutral
Megathread: India-Pakistan border skirmish,negative
"Misty Morning., I took a photo of my friends walking in Coorg.",neutral
Cheat code,negative
"""From midnight the entire country will go under a complete lockdown,"" says PM Modi.",negative
I bought the domain name pmcares.fund because it was available and made a satirical modi-themed chrome dinosaur game in it,positive
A young French boy introduces himself to Indian soldiers in Marseilles. Restored and colourised.,positive
"Dear Hindus, we Indian Muslims rejected an Islamic state in 1947.. Now it's your turn to reject a Hindu Nazi state.. Speak up. NOW",negative
"Since Modi loves to be limelight, I photoshopped him at the places he should be at instead of rallies.",positive
"Ratan Tata No more, Tata Sons official statement, RIP ",negative
I wish we had some good entertainment. Most of mainstream Indian entertainment is a JOKE,positive
"""Want Condoms Too?"" Bihar Officer's Shocker On Girl's Sanitary Pad Query",negative
BBC grilling BJP spokesperson on censoring tweets criticizing the govt on covid.,negative
Hindu shopkeeper beheaded in Udaipur over social media post on Nupur Sharma - India News,negative
Crocodile Tears,negative
The same girl studied at three coaching institutions to secure an AIR-1 rank in NEET?,positive
"I am Sophie Zhang, FB whistleblower. When I found fake accounts manipulating Indian politics, FB approved their removal - until they discovered that some of them were being ran by a sitting MP. The Lok Sabha is considering asking me to testify, but Reddit gets to go first. Ask me anything.",negative
"Spend nearly 500 rs bucks to watch JOKER and in return all i got was 30 mins of advertiment before the movies,20 mins adver. in interval, giant subtitles, and stupid tobacco discalimer which stuck through 70% of the time in the screen,which made crucials scenes so distracting and out of focus.",negative
Fuck this country.,negative
Amazon India is a Fraud,negative
EY employee died due to work pressure,negative
BYJUs putting 14 y/o kids into guilt.,negative
"LOL Amazon approved my e-book 'NICE!!!' having 69 pages and ""nice"" written over all the pages. NICE",positive
"Ostriches don't bury their heads in sand, Indian Govt does - The Telegraph",negative
Hide and Seek biscuit scamming us by showing 20% extra and increasing the gap inside by 20%,negative
My father left me some pieces of history,neutral
Image Of Smiling Baby For Hyderabad Police Officers Who Rescued Him From The Kidnappers Thrill The Internet,positive
This is India.,neutral
much before the existence of gigachad.... we had this guy,neutral
Adani safe hai! A cartoon by Satish Acharya ,positive
No Yoga and Yoga. Difference,neutral
Arranged marriage problems,negative
"Olympic champion Neeraj Chopra wins a silver medal in the World Athletics Championships 2022, which is India's second ever medal in the history of the event !",positive
Baby's Skin Colour,positive
"“Take your shit back you dirtbag” - Nature. Mumbai, Cyclone Tauktae",negative
"India women's hockey team scripts history, enter semi-finals for the first time after beating Australia 1-0.",positive
Winner of a fancy dress competition at a school in Bangalore,positive
American’s attempt at Tandoori Chicken using a home oven,neutral
Manu Bhaker wins Women's 10m Air Pistol Olympic BRONZE,positive
Shahbaz Ansar asks Delhi Men Why Do Rapes Happen,negative
"""History will be kinder to me""",positive
"Bronze Medal! After 31 years, Indian Men's Hockey team wins it's first medal since 1980!",positive
"Two NE student in Karnataka were not allowed to enter store to buy groceries, denying them to be Indian even after they showed their adhaar card . STOP RACISM. (Facebook : @kady.aomi)",negative
'We've only been here a few hours and have seen half a dozen people die while they wait for treatment.' - Sky News ground report from Delhi,negative
Today is my birthday and my parents bought me this. I am 27.,positive
Neeraj Chopra Creates History !! Wins India's Second Ever Individual Gold Medal in the Olympics with an amazing throw of 87.58m !! A proud moment for every Indian .,positive
How to not get raped in India,negative
It's 2021 and India is still doing brown face instead of actually hiring darker skin actors.,negative
"A troop of monkeys purportedly intervened to save a 6-year-old girl, a UKG student, from a rape attempt in Baghpat. ",positive
What can India and Indians do to attract more international tourists.,neutral
I won the Indian Cosplay Championship trophy at Comic Con India.,positive
Chandrayaan-3's lander makes soft landing on the Moon,positive
"My grandmother fought and beat COVID after battling it for a month, and turned 94 today..",positive
Proud mother of Praggnanandhaa,positive
Will donate thrice the number of upvotes (amount in Rs.) i get for this thread in next 24 hours,positive
Art by Sandeep Adhwaryu ,neutral
Fuck all Religion,negative
Muslims people watering hot road in Tamil Nadu so there is some relief for hindu devotees walking barefoot to temple.,positive
Indian reply to NYtimes cartoon on Paris climate accord by Satish Acharya.,neutral
"The essence of the Indian soap opera, distilled into one GIF.",positive
Lamborghini blocked by buffaloes in India,negative
The Elephant Whisperers with their Oscar! LetsCinema on Twitter,positive
it's important to keep perspective about the heatwave,neutral
"As a Brazilian, I just want to say that you guys are in another level!",positive
Can we have some of Karen’s?,positive
Rihanna shows support for farmers.,positive
Nirbhaya rapist and his lawyer blaming the victim.[From documentary India's daughter],negative
"Hi everyone, i am an Artist from Punjab (India) and these are some of my best pencil works.",positive
33 million gods in India and not one capable of producing oxygen: Charlie Hebdo,negative
"Disha Ravi, A climate activist who is being compared to Kasab on twitter.",negative
Haves vs Have-nots in India,negative
The bedsheets in government hospitals (of Kerala) have the day printed on them to ensure they are changed daily. We should all push our state governments to implement things like this on a priority basis.,neutral
This looks legit..,positive
This twitter exchange,neutral
A simple argument for those who deny problems with the caste system,positive
Burj Khalifa illuminated in colours of Indian flag on Independence Day,positive
China get out. Boycott China. .. Sponsored by Vivo.,negative
Modi depicted in Australian Financial Review newspaper cartoon by David Rowe a very distinguished cartoonist.,neutral
Thousands thronged a religious festival in Sanand without masks and social distancing even as the Gujarat government has imposed a Mini Lockdown till May 12,neutral
I’m a westerner who has worked hard learning your amazing food and culture. Today I presented my first thali. Jai Hindi,neutral
"WhiteHatJr filed a 20 CRORE defamation case against me, Pradeep Poonia.",negative
Boycott China.,negative
Today's The Hindu,neutral
A guy from an NIT commited suicide a few days ago. His suicide note.,negative
German exchange Student at IIT Madras is being sent back home by the Indian immigration department because he joined the protest.,negative
India's Tricolour Flag seen waving at Washington DC Capitol Riots...,negative
Hyderabad cop running for 2 km to help ambulance get through traffic,neutral
Tragedy of India,negative
Chanu Saikhom Mirabai wins India’s first medal in Tokyo Olympics 2020. A SILVER!,positive
Cosplayed Soldier Boy from The Boys for primevideo in Mumbai steets yesterday ,neutral
Twitter suspends Kangana's account,negative
Irrfan Khan dies at 54,neutral
We FINALLY won. WhiteHatJr withdrew their case against Pradeep Poonia.,positive
The wealth inequality in India is truly horrifying,negative
"If you are not moved by this picture, I wish I had your heart. [NP]",positive
Kerala now has oxygen war rooms for monitoring oxygen needs.,neutral
"Gang rape survivor shunned from school, denied boards admit card",negative
Vir Das at the Emmys,neutral
Tweet from ESPN India,neutral
Megathread: India-Pakistan border skirmish,negative
"Misty Morning., I took a photo of my friends walking in Coorg.",neutral
Cheat code,negative
"""From midnight the entire country will go under a complete lockdown,"" says PM Modi.",negative
I bought the domain name pmcares.fund because it was available and made a satirical modi-themed chrome dinosaur game in it,positive
A young French boy introduces himself to Indian soldiers in Marseilles. Restored and colourised.,positive
"Dear Hindus, we Indian Muslims rejected an Islamic state in 1947.. Now it's your turn to reject a Hindu Nazi state.. Speak up. NOW",negative
"Since Modi loves to be limelight, I photoshopped him at the places he should be at instead of rallies.",positive
"Ratan Tata No more, Tata Sons official statement, RIP ",negative
I wish we had some good entertainment. Most of mainstream Indian entertainment is a JOKE,positive
"""Want Condoms Too?"" Bihar Officer's Shocker On Girl's Sanitary Pad Query",negative
BBC grilling BJP spokesperson on censoring tweets criticizing the govt on covid.,negative
Hindu shopkeeper beheaded in Udaipur over social media post on Nupur Sharma - India News,negative
Crocodile Tears,negative
The same girl studied at three coaching institutions to secure an AIR-1 rank in NEET?,positive
"I am Sophie Zhang, FB whistleblower. When I found fake accounts manipulating Indian politics, FB approved their removal - until they discovered that some of them were being ran by a sitting MP. The Lok Sabha is considering asking me to testify, but Reddit gets to go first. Ask me anything.",negative
"Spend nearly 500 rs bucks to watch JOKER and in return all i got was 30 mins of advertiment before the movies,20 mins adver. in interval, giant subtitles, and stupid tobacco discalimer which stuck through 70% of the time in the screen,which made crucials scenes so distracting and out of focus.",negative
Fuck this country.,negative
Amazon India is a Fraud,negative
EY employee died due to work pressure,negative
BYJUs putting 14 y/o kids into guilt.,negative
"LOL Amazon approved my e-book 'NICE!!!' having 69 pages and ""nice"" written over all the pages. NICE",positive
"Ostriches don't bury their heads in sand, Indian Govt does - The Telegraph",negative
Hide and Seek biscuit scamming us by showing 20% extra and increasing the gap inside by 20%,negative
My father left me some pieces of history,neutral
Image Of Smiling Baby For Hyderabad Police Officers Who Rescued Him From The Kidnappers Thrill The Internet,positive
This is India.,neutral
much before the existence of gigachad.... we had this guy,neutral
Adani safe hai! A cartoon by Satish Acharya ,positive
No Yoga and Yoga. Difference,neutral
Arranged marriage problems,negative
"Olympic champion Neeraj Chopra wins a silver medal in the World Athletics Championships 2022, which is India's second ever medal in the history of the event !",positive
Baby's Skin Colour,positive
"“Take your shit back you dirtbag” - Nature. Mumbai, Cyclone Tauktae",negative
"India women's hockey team scripts history, enter semi-finals for the first time after beating Australia 1-0.",positive
Winner of a fancy dress competition at a school in Bangalore,positive
American’s attempt at Tandoori Chicken using a home oven,neutral
Manu Bhaker wins Women's 10m Air Pistol Olympic BRONZE,positive
Shahbaz Ansar asks Delhi Men Why Do Rapes Happen,negative
"""History will be kinder to me""",positive
"Bronze Medal! After 31 years, Indian Men's Hockey team wins it's first medal since 1980!",positive
"Two NE student in Karnataka were not allowed to enter store to buy groceries, denying them to be Indian even after they showed their adhaar card . STOP RACISM. (Facebook : @kady.aomi)",negative
'We've only been here a few hours and have seen half a dozen people die while they wait for treatment.' - Sky News ground report from Delhi,negative
Today is my birthday and my parents bought me this. I am 27.,positive
Neeraj Chopra Creates History !! Wins India's Second Ever Individual Gold Medal in the Olympics with an amazing throw of 87.58m !! A proud moment for every Indian .,positive
How to not get raped in India,negative
It's 2021 and India is still doing brown face instead of actually hiring darker skin actors.,negative
"A troop of monkeys purportedly intervened to save a 6-year-old girl, a UKG student, from a rape attempt in Baghpat. ",positive
What can India and Indians do to attract more international tourists.,neutral
I won the Indian Cosplay Championship trophy at Comic Con India.,positive
Chandrayaan-3's lander makes soft landing on the Moon,positive
"My grandmother fought and beat COVID after battling it for a month, and turned 94 today..",positive
Proud mother of Praggnanandhaa,positive
Will donate thrice the number of upvotes (amount in Rs.) i get for this thread in next 24 hours,positive
Art by Sandeep Adhwaryu ,neutral
Fuck all Religion,negative
Muslims people watering hot road in Tamil Nadu so there is some relief for hindu devotees walking barefoot to temple.,positive
Indian reply to NYtimes cartoon on Paris climate accord by Satish Acharya.,neutral
"The essence of the Indian soap opera, distilled into one GIF.",positive
Lamborghini blocked by buffaloes in India,negative
The Elephant Whisperers with their Oscar! LetsCinema on Twitter,positive
it's important to keep perspective about the heatwave,neutral
"As a Brazilian, I just want to say that you guys are in another level!",positive
Can we have some of Karen’s?,positive
Rihanna shows support for farmers.,positive
Nirbhaya rapist and his lawyer blaming the victim.[From documentary India's daughter],negative
"Hi everyone, i am an Artist from Punjab (India) and these are some of my best pencil works.",positive
33 million gods in India and not one capable of producing oxygen: Charlie Hebdo,negative
"Disha Ravi, A climate activist who is being compared to Kasab on twitter.",negative
Haves vs Have-nots in India,negative
The bedsheets in government hospitals (of Kerala) have the day printed on them to ensure they are changed daily. We should all push our state governments to implement things like this on a priority basis.,neutral
This looks legit..,positive
This twitter exchange,neutral
A simple argument for those who deny problems with the caste system,positive
Burj Khalifa illuminated in colours of Indian flag on Independence Day,positive
China get out. Boycott China. .. Sponsored by Vivo.,negative
Modi depicted in Australian Financial Review newspaper cartoon by David Rowe a very distinguished cartoonist.,neutral
Thousands thronged a religious festival in Sanand without masks and social distancing even as the Gujarat government has imposed a Mini Lockdown till May 12,neutral
I’m a westerner who has worked hard learning your amazing food and culture. Today I presented my first thali. Jai Hindi,neutral
"WhiteHatJr filed a 20 CRORE defamation case against me, Pradeep Poonia.",negative
Boycott China.,negative
Today's The Hindu,neutral
A guy from an NIT commited suicide a few days ago. His suicide note.,negative
German exchange Student at IIT Madras is being sent back home by the Indian immigration department because he joined the protest.,negative
India's Tricolour Flag seen waving at Washington DC Capitol Riots...,negative
Hyderabad cop running for 2 km to help ambulance get through traffic,neutral
Tragedy of India,negative
Chanu Saikhom Mirabai wins India’s first medal in Tokyo Olympics 2020. A SILVER!,positive
Cosplayed Soldier Boy from The Boys for primevideo in Mumbai steets yesterday ,neutral
Twitter suspends Kangana's account,negative
Irrfan Khan dies at 54,neutral
We FINALLY won. WhiteHatJr withdrew their case against Pradeep Poonia.,positive
The wealth inequality in India is truly horrifying,negative
"If you are not moved by this picture, I wish I had your heart. [NP]",positive
Kerala now has oxygen war rooms for monitoring oxygen needs.,neutral
"Gang rape survivor shunned from school, denied boards admit card",negative
Vir Das at the Emmys,neutral
Tweet from ESPN India,neutral
Megathread: India-Pakistan border skirmish,negative
"Misty Morning., I took a photo of my friends walking in Coorg.",neutral
Cheat code,negative
"""From midnight the entire country will go under a complete lockdown,"" says PM Modi.",negative
I bought the domain name pmcares.fund because it was available and made a satirical modi-themed chrome dinosaur game in it,positive
A young French boy introduces himself to Indian soldiers in Marseilles. Restored and colourised.,positive
"Dear Hindus, we Indian Muslims rejected an Islamic state in 1947.. Now it's your turn to reject a Hindu Nazi state.. Speak up. NOW",negative
"Since Modi loves to be limelight, I photoshopped him at the places he should be at instead of rallies.",positive
"Ratan Tata No more, Tata Sons official statement, RIP ",negative
I wish we had some good entertainment. Most of mainstream Indian entertainment is a JOKE,positive
"""Want Condoms Too?"" Bihar Officer's Shocker On Girl's Sanitary Pad Query",negative
BBC grilling BJP spokesperson on censoring tweets criticizing the govt on covid.,negative
Hindu shopkeeper beheaded in Udaipur over social media post on Nupur Sharma - India News,negative
Crocodile Tears,negative
The same girl studied at three coaching institutions to secure an AIR-1 rank in NEET?,positive
"I am Sophie Zhang, FB whistleblower. When I found fake accounts manipulating Indian politics, FB approved their removal - until they discovered that some of them were being ran by a sitting MP. The Lok Sabha is considering asking me to testify, but Reddit gets to go first. Ask me anything.",negative
"Spend nearly 500 rs bucks to watch JOKER and in return all i got was 30 mins of advertiment before the movies,20 mins adver. in interval, giant subtitles, and stupid tobacco discalimer which stuck through 70% of the time in the screen,which made crucials scenes so distracting and out of focus.",negative
Fuck this country.,negative
Amazon India is a Fraud,negative
EY employee died due to work pressure,negative
BYJUs putting 14 y/o kids into guilt.,negative
"LOL Amazon approved my e-book 'NICE!!!' having 69 pages and ""nice"" written over all the pages. NICE",positive
"Ostriches don't bury their heads in sand, Indian Govt does - The Telegraph",negative
Hide and Seek biscuit scamming us by showing 20% extra and increasing the gap inside by 20%,negative
My father left me some pieces of history,neutral
Image Of Smiling Baby For Hyderabad Police Officers Who Rescued Him From The Kidnappers Thrill The Internet,positive
This is India.,neutral
much before the existence of gigachad.... we had this guy,neutral
Adani safe hai! A cartoon by Satish Acharya ,positive
No Yoga and Yoga. Difference,neutral
Arranged marriage problems,negative
"Olympic champion Neeraj Chopra wins a silver medal in the World Athletics Championships 2022, which is India's second ever medal in the history of the event !",positive
Baby's Skin Colour,positive
"“Take your shit back you dirtbag” - Nature. Mumbai, Cyclone Tauktae",negative
"India women's hockey team scripts history, enter semi-finals for the first time after beating Australia 1-0.",positive
Winner of a fancy dress competition at a school in Bangalore,positive
American’s attempt at Tandoori Chicken using a home oven,neutral
Manu Bhaker wins Women's 10m Air Pistol Olympic BRONZE,positive
Shahbaz Ansar asks Delhi Men Why Do Rapes Happen,negative
"""History will be kinder to me""",positive
"Bronze Medal! After 31 years, Indian Men's Hockey team wins it's first medal since 1980!",positive
"Two NE student in Karnataka were not allowed to enter store to buy groceries, denying them to be Indian even after they showed their adhaar card . STOP RACISM. (Facebook : @kady.aomi)",negative
'We've only been here a few hours and have seen half a dozen people die while they wait for treatment.' - Sky News ground report from Delhi,negative
Today is my birthday and my parents bought me this. I am 27.,positive
Neeraj Chopra Creates History !! Wins India's Second Ever Individual Gold Medal in the Olympics with an amazing throw of 87.58m !! A proud moment for every Indian .,positive
How to not get raped in India,negative
It's 2021 and India is still doing brown face instead of actually hiring darker skin actors.,negative
"A troop of monkeys purportedly intervened to save a 6-year-old girl, a UKG student, from a rape attempt in Baghpat. ",positive
What can India and Indians do to attract more international tourists.,neutral
I won the Indian Cosplay Championship trophy at Comic Con India.,positive
Chandrayaan-3's lander makes soft landing on the Moon,positive
"My grandmother fought and beat COVID after battling it for a month, and turned 94 today..",positive
Proud mother of Praggnanandhaa,positive
Will donate thrice the number of upvotes (amount in Rs.) i get for this thread in next 24 hours,positive
Art by Sandeep Adhwaryu ,neutral
Fuck all Religion,negative
Muslims people watering hot road in Tamil Nadu so there is some relief for hindu devotees walking barefoot to temple.,positive
Indian reply to NYtimes cartoon on Paris climate accord by Satish Acharya.,neutral
"The essence of the Indian soap opera, distilled into one GIF.",positive
Lamborghini blocked by buffaloes in India,negative
The Elephant Whisperers with their Oscar! LetsCinema on Twitter,positive
it's important to keep perspective about the heatwave,neutral
